# of tips,mean,std
00,1.1212834322875216,0.09977641603199132
05,0.9262767318102596,0.018833272920838993
10,0.8591647507756566,0.028096353372518222
30,0.7957319985995809,0.052563935986440255
